,Table 3. Inequality-adjusted Human Development Index ,,,,,,,,,,,,,,,,,,,,,,,,,,,,
,,,,,,,,,,,,,,,,,,,,,,,,,,,,,
,,Human Development Index (HDI),,Inequality-adjusted HDI (IHDI),,,,,,Coefficient of human inequality,,Inequality in life expectancy,,Inequality-adjusted life expectancy index,,Inequality in education,a,Inequality-adjusted education index,,Inequality in income,a,Inequality-adjusted income index,,Income inequality,,,,,
HDI rank,Country,Value,,Value,,Overall loss (%),,Difference from HDI rank,b,,,(%),,Value,,(%),,Value,,(%),,Value,,Quintile ratio,,Palma ratio ,,Gini coefficient,
,,2015,,2015,,2015,,2015,,2015,,2010–2015,c,2015,,2015,d,2015,,2015,d,2015,,2010-2015,e,2010-2015,e,2010-2015,e
,,,,,,,,,,,,,,,,,,,,,,,,,,,,,
1,Norway,0.949422834491064,,0.897906941132348,,5.426022156538,,0,,5.35825,,3.3,,0.9180698,,2.42101,,0.89359515935285,,10.35374,,0.882424337334569,,3.79,,0.88,,25.9,
2,Australia,0.938679535646609,,0.86134593793229,,8.23855157991149,,-1,,7.96666666666667,,4.3,,0.920737061538462,,1.9,,0.92132577,,17.7,,0.753327785841237,,5.95,,1.4,,34.94,
2,Switzerland,0.93913086905938,,0.858570072833419,,8.57822896468621,,-4,,8.42452,,3.8,,0.9343684,,5.7249,,0.840211378108611,,15.74866,,0.806158686333198,,4.92,,1.2,,31.64,
4,Germany,0.925668941071662,,0.859232252486179,,7.17715434079148,,-1,,7.01029,,3.7,,0.905101476923077,,2.58042,,0.890877450805848,,14.75045,,0.786713262147523,,4.62,,1.1,,30.13,
5,Denmark,0.92464936963657,,0.858319406840551,,7.17352598445936,,-2,,7.0265,,3.8,,0.8940976,,2.97301,,0.8958880391961,,14.30649,,0.789420006931923,,4.45,,1.04,,29.08,
5,Singapore,0.924865932830033,,..,,..,,..,,..,,3,,0.943272769230769,,..,,..,,..,,..,,..,,..,,..,
7,Netherlands,0.924312171221292,,0.860815475037558,,6.86961593287647,,2,,6.78294,,3.7,,0.914198123076923,,4.248,,0.859025343546667,,12.40082,,0.81223910600849,,4.18,,0.99,,27.99,
8,Ireland,0.922745766584156,,0.85002531040669,,7.88087670633963,,-2,,7.67094666666667,,3.7,,0.904508861538462,,2.98953,,0.88324728532034,,16.32331,,0.768777094434561,,5.25,,1.25,,32.52,
9,Iceland,0.921109598079021,,0.867648761321297,,5.80396044826989,,6,,5.70554333333333,,2.9,,0.937000061538462,,2.48965,,0.883797783950847,,11.72698,,0.788749915350372,,3.96,,0.95,,26.94,
10,Canada,0.92028441365135,,0.838682588224308,,8.86702243530079,,-2,,8.65,,4.7,,0.912299569230769,,3.856,,0.855979054366613,,17.394,,0.755426599559389,,5.77,,1.32,,33.68,
10,United States,0.919553055741236,,0.795583345906022,,13.4815179027689,,-10,,12.876,,6.1,,0.855530123076923,,5.554,,0.85000398861906,,26.974,,0.692469709480921,,9.11,,1.96,,41.06,
12,"Hong Kong, China (SAR)",0.917157318856139,,..,,..,,..,,..,,2.8,,0.959483630769231,,..,,..,,..,,..,,..,,..,,..,
13,New Zealand,0.914900055512101,,..,,..,,..,,..,,4.6,,0.910350830769231,,..,,..,,..,,..,,..,,..,,..,
14,Sweden,0.912706100530911,,0.851442220980079,,6.71233374195648,,3,,6.59683333333333,,3.3,,0.927531523076923,,3.40366,,0.826003321909513,,13.08684,,0.805666069188207,,4.16,,0.93,,27.32,
15,Liechtenstein,0.911517483487661,,..,,..,,..,,..,,..,,..,,..,,..,,..,,..,,..,,..,,..,
16,United Kingdom,0.909490905908351,,0.836346037663949,,8.04239688041185,,-1,,7.84454,,4.5,,0.894012230769231,,2.83294,,0.8705046836274,,16.20068,,0.751698076016444,,5.34,,1.25,,32.57,
17,Japan,0.903462080218309,,0.791240788727619,,12.421250869054,,-8,,12.1576666666667,,3.2,,0.948401723076923,,19.813,,0.674846664266667,,13.46,,0.773977902843369,,5.39,f,1.22,f,32.11,f
18,Korea (Republic of),0.900992129625148,,0.753487303736516,,16.3713778443325,,-19,,15.891,,3.7,,0.920450215384615,,25.538,,0.645390558853669,,18.435,,0.720120053136319,,..,,..,,..,
19,Israel,0.898885927187516,,0.777733590615718,,13.4780546571539,,-11,,12.9096666666667,,3.9,,0.924940323076923,,8.446,,0.79632219595,,26.383,,0.638689881750254,,10.28,,2.2,,42.78,
20,Luxembourg,0.89846472062553,,0.826704373162337,,7.98699668621734,,1,,7.83286333333333,,2.6,,0.927262984615385,,5.84549,,0.737667366988095,,15.0531,,0.82601362294413,,5.93,,1.4,,34.79,
21,France,0.897435892476236,,0.81297192095018,,9.41169973634553,,-1,,9.26193666666667,,4,,0.920994461538461,,7.50871,,0.776291960781297,,16.2771,,0.751526900183996,,5.29,,1.31,,33.1,
22,Belgium,0.89551414547819,,0.820784534212004,,8.34488339950034,,2,,8.27534666666667,,4,,0.900686769230769,,8.09488,,0.7733412997224,,12.73116,,0.793857416684607,,4.22,,0.96,,27.59,
23,Finland,0.894517443910605,,0.842839320178584,,5.77720692690989,,9,,5.68034666666667,,3.4,,0.906643015384615,,2.0293,,0.82950485414,,11.61174,,0.796121059741808,,3.89,,0.95,,27.12,
24,Austria,0.893405014550365,,0.815350301842767,,8.73676680076413,,3,,8.50651666666667,,3.7,,0.912375830769231,,4.29767,,0.784573045570779,,17.52188,,0.757226062387841,,4.94,,1.11,,30.48,
25,Slovenia,0.890302824230092,,0.837672524226138,,5.91150545315498,,9,,5.82847666666667,,3.6,,0.898373846153846,,2.55129,,0.863358431813856,,11.33414,,0.757834857689725,,3.74,,0.88,,25.59,
26,Italy,0.886552110945566,,0.784487780203948,,11.5125021396384,,-3,,11.2058,,3,,0.945197846153846,,9.85659,,0.73368778370546,,20.76081,,0.696184801593028,,6.69,,1.42,,35.16,
27,Spain,0.884153254627493,,0.79095049919939,,10.5414706036875,,1,,10.1397433333333,,3.5,,0.931848538461538,,5.07123,,0.776550774622322,,21.848,,0.68380571762656,,7.26,,1.46,,35.89,
28,Czech Republic,0.877841924484264,,0.830142743835046,,5.43368678560675,,10,,5.33902666666667,,3.5,,0.872582692307692,,1.37273,,0.866077289838833,,11.14435,,0.756998612011572,,3.78,,0.92,,26.13,
29,Greece,0.86587309619735,,0.758089493757286,,12.447967596339,,-6,,12.1583133333333,,3.7,,0.904790353846154,,11.6945,,0.732564570665556,,21.08044,,0.657305945921711,,7.62,,1.55,,36.68,
30,Brunei Darussalam,0.864936709580829,,..,,..,,..,,..,,4.4,,0.868033292307692,,..,,..,,..,,..,,..,,..,,..,
30,Estonia,0.865118379943937,,0.788025124682477,,8.9112954999819,,3,,8.61609666666667,,4.8,,0.835006523076923,,2.33291,,0.856206371091517,,18.71538,,0.684465983911138,,5.69,,1.26,,33.15,
32,Andorra,0.85845165619693,,..,,..,,..,,..,,..,,..,,..,,..,,..,,..,,..,,..,,..,
33,Cyprus,0.855645845739221,,0.762303222673544,,10.9090254490788,,-2,,10.7712733333333,,4,,0.891057230769231,,12.40564,,0.688355557697267,,15.90818,,0.722212241336595,,5.35,,1.4,,34.31,
33,Malta,0.855850774908432,,0.786343201176528,,8.12145946112409,,3,,8.03321333333333,,4.5,,0.892205076923077,,5.98891,,0.734335456850867,,13.61073,,0.742125270161018,,..,,..,,..,
33,Qatar,0.855530726608706,,..,,..,,..,,..,,6.1,,0.842543030769231,,..,,..,,..,,..,,..,,..,,..,
36,Poland,0.855228788716573,,0.773890237869884,,9.51073583113968,,2,,9.32613,,5.2,,0.840365538461538,,5.39706,,0.805634590136456,,17.38133,,0.684591915115127,,5.03,,1.23,,32.08,
37,Lithuania,0.848098562965385,,0.759121452752209,,10.4913643411996,,0,,10.2374766666667,,5.5,,0.777735,,5.60263,,0.832941205914733,,19.6098,,0.675286088879774,,6.45,,1.43,,35.15,
38,Chile,0.846625951356502,,0.692310914624465,,18.227061961045,,-12,,17.116820815,,7.6,,0.880728369230769,,8.247080445,,0.719021754092757,,35.503382,,0.52398580233621,,12.24,,3.21,,50.45,
38,Saudi Arabia,0.846601911093778,,..,,..,,..,,..,,11,,0.745464,,..,,..,,..,,..,,..,,..,,..,
40,Slovakia,0.844947582167354,,0.793216359665086,,6.12241795752264,,12,,6.03179666666667,,5.3,,0.821835738461538,,1.40498,,0.811687926218097,,11.39041,,0.748171014964519,,4.04,,0.88,,26.12,
41,Portugal,0.842658097524802,,0.755211633750621,,10.3774548694238,,1,,10.06576,,3.9,,0.904567123076923,,5.91298,,0.7115258754118,,20.3843,,0.669228637755812,,6.69,,1.5,,36.04,
42,United Arab Emirates,0.839799159479088,,..,,..,,..,,..,,5.8,,0.827786123076923,,..,,..,,..,,..,,..,,..,,..,
43,Hungary,0.836211492808667,,0.771243177382545,,7.76936408849226,,6,,7.63170333333333,,5.2,,0.806718830769231,,3.11786,,0.807867333179222,,14.57725,,0.703901293993178,,4.95,,1.13,,30.55,
44,Latvia,0.82986228742339,,0.742296270527787,,10.5518732713453,,-1,,10.2539266666667,,6.7,,0.780016707692308,,3.78981,,0.803296599470297,,20.27197,,0.652757697649131,,6.69,,1.44,,35.48,
45,Argentina,0.827400510092686,,0.697928680811298,,15.6480238653569,,-6,,15.1781616666667,,10,,0.781712307692308,,8.098,,0.7423766975,,27.436485,,0.585816845492292,,9.97,,2.13,,42.67,
45,Croatia,0.827402942508165,,0.752027576991751,,9.10987399777945,,2,,8.88707,,4.5,,0.844734230769231,,4.41647,,0.7627084012483,,17.74474,,0.66011967351474,,5.74,,1.22,,32.51,
47,Bahrain,0.823884095321277,,..,,..,,..,,..,,6.3,,0.817568538461538,,..,,..,,..,,..,,..,,..,,..,
48,Montenegro,0.80722434610105,,0.736206229746931,,8.79781645550474,,1,,8.72711333333333,,5.2,,0.822586892307692,,7.36696,,0.7379320881408,,13.61438,,0.657355474168735,,4.79,,1.24,,31.93,
49,Russian Federation,0.803908285216094,,0.725189941506743,,9.79195576870949,,1,,9.568,,8.8,,0.705242584615385,,2.228,,0.797850426815556,,17.676,,0.677790231084708,,8.19,,2.02,,41.59,
50,Romania,0.80238171382862,,0.713698246124273,,11.0525285130425,,0,,10.8213766666667,,8.4,,0.772779876923077,,4.56156,,0.734205373894933,,19.50257,,0.640723311107176,,4.09,,0.96,,27.45,
51,Kuwait,0.800182931694956,,..,,..,,..,,..,,7.2,,0.778791876923077,,..,,..,,..,,..,,..,,..,,..,
,,,,,,,,,,,,,,,,,,,,,,,,,,,,,
52,Belarus,0.795827060674917,,0.744783081144597,,6.413953741034,,6,,6.38093666666667,,5.8,,0.745832123076923,,3.67781,,0.803551869888994,,9.665,,0.689341471253435,,3.93,,0.97,,27.18,
52,Oman,0.795778615284731,,..,,..,,..,,..,,7,,0.815109230769231,,..,,..,,..,,..,,..,,..,,..,
54,Barbados,0.794719157639879,,..,,..,,..,,..,,7.8,,0.791118553846154,,5.54685,,0.730460870876968,,..,,..,,..,,..,,..,
54,Uruguay,0.794785893009035,,0.66979793057435,,15.7259915574853,,-7,,15.3647113333333,,9.5,,0.798502384615385,,10.43235,,0.642069032931972,,26.161784,,0.586102349604496,,9.09,,2.02,,41.6,
56,Bulgaria,0.793641565185201,,0.708885400195972,,10.6794009672931,,2,,10.50228,,7.8,,0.770536676923077,,5.46531,,0.735241644290148,,18.24153,,0.628788633780922,,6.93,,1.49,,36.01,
56,Kazakhstan,0.794123062527118,,0.713884474467241,,10.1040495920791,,4,,10.0550333333333,,11.6,,0.6743968,,5.874,,0.757795091483333,,12.6911,,0.711895950212276,,3.65,,0.92,,26.33,
58,Bahamas,0.791622829320128,,..,,..,,..,,..,,9.4,,0.774365169230769,,..,,..,,..,,..,,..,,..,,..,
59,Malaysia,0.789449738019399,,..,,..,,..,,..,,6.7,,0.788040507692308,,..,,..,,..,,..,,11.27,f,2.62,f,46.26,f
60,Palau,0.787785225991505,,..,,..,,..,,..,,..,,..,,12.036,,0.710684688715707,,23.035,,0.572596681152887,,..,,..,,..,
60,Panama,0.787656219704456,,0.614043454789206,,22.0416928822568,,-19,,21.0444963566667,,11.5,,0.786356538461538,,13.58645707,,0.596824615732005,,38.047032,,0.493322689072969,,16.35,,3.41,,50.7,
62,Antigua and Barbuda,0.785589002148929,,..,,..,,..,,..,,8.4,,0.792495015384615,,..,,..,,..,,..,,..,,..,,..,
63,Seychelles,0.782417811550244,,..,,..,,..,,..,,9,,0.746242,,..,,..,,..,,..,,9.78,,2.62,,46.82,
64,Mauritius,0.781386251158067,,0.669070214400147,,14.3739458675476,,-4,,14.271,,9.8,,0.757610615384615,,13.17,,0.629097339277778,,19.843,,0.628421723832179,,5.91,,1.51,,35.84,
65,Trinidad and Tobago,0.779912427629402,,0.660745298345294,,15.2795525577564,,-5,,15.045,,16.6,,0.648210461538462,,6.595,,0.66958816890225,,21.94,,0.664627699440873,,..,,..,,..,
66,Costa Rica,0.776452942632562,,0.628331874961424,,19.0766316331977,,-9,,18.2361424233333,,8.2,,0.841918984615385,,12.42770627,,0.598737027056147,,34.080721,,0.492108488364234,,12.81,,2.95,,48.53,
66,Serbia,0.775733710856063,,0.688506870698817,,11.2444307803752,,3,,11.1322233333333,,7.9,,0.780001984615385,,8.12667,,0.697804074208311,,17.37,,0.599646947142937,,4.41,,1.05,,29.06,
68,Cuba,0.774669358502309,,..,,..,,..,,..,,5.5,,0.866099769230769,,10.93381,,0.693685265639301,,..,,..,,..,,..,,..,
69,Iran (Islamic Republic of),0.774063205651432,,0.517807586942294,,33.105257663485,,-40,,31.501,,10.6,,0.764452523076923,,37.345,,0.441164993666667,,46.558,,0.411674214948905,,6.55,,1.63,,37.35,
70,Georgia,0.769396875235456,,0.671945947683403,,12.6658855382315,,3,,12.1903333333333,,10.3,,0.759276,,2.21,,0.776906019633333,,24.061,,0.514321712270314,,8.24,,1.86,,40.09,
71,Turkey,0.766995969541256,,0.644765285249827,,15.9362876919074,,-3,,15.8207293966667,,11.5,,0.756035076923077,,14.15618819,,0.573770905071828,,21.806,,0.617908930826952,,7.98,,1.87,,40.18,
71,Venezuela (Bolivarian Republic of),0.766716416892275,,0.617768185614033,,19.4267695325963,,-11,,19.116103,,11.4,,0.741336646153846,,17.581,,0.585572068003333,,28.367309,,0.543101240886431,,15.96,f,2.75,f,46.94,f
73,Sri Lanka,0.766438081372341,,0.677778420474629,,11.5677525755195,,8,,11.534,,8.1,,0.778308169230769,,12.786,,0.655685956377193,,13.716,,0.610120673952865,,6.58,,1.79,,39.16,
74,Saint Kitts and Nevis,0.76505408210635,,..,,..,,..,,..,,..,,..,,..,,..,,..,,..,,..,,..,,..,
75,Albania,0.764173728347378,,0.661370500002722,,13.4528608523328,,4,,13.3769866666667,,9.9,,0.803525661538462,,11.9,,0.630302933666667,,18.33096,,0.57119629166681,,4.27,,1.04,,28.96,
76,Lebanon,0.762841180242274,,0.602814967444842,,20.977657858823,,-10,,20.4126666666667,,7.2,,0.850005169230769,,24.053,,0.498178627877108,,29.985,,0.517303506161682,,..,,..,,..,
77,Mexico,0.761682896697458,,0.58710304562873,,22.9202797943449,,-12,,22.4017896666667,,13.2,,0.760795323076923,,19.74609,,0.525330319819066,,34.259279,,0.506340537900181,,10.76,,2.86,,48.21,
78,Azerbaijan,0.758527581267564,,0.658546338467741,,13.1809633913042,,5,,12.953,,21.7,,0.613101046153846,,8.3,,0.663358564166667,,8.859,,0.702228773739701,,4.8,f,1.22,f,31.79,
79,Brazil,0.754143634269208,,0.561021156675359,,25.6081824228341,,-19,,24.9567883333333,,14.4,,0.720989046153846,,22.64508,,0.526600493892889,,37.825285,,0.465080134123908,,15.54,,3.53,,51.48,
79,Grenada,0.753555768652488,,..,,..,,..,,..,,8.7,,0.752269861538462,,..,,..,,..,,..,,..,,..,,..,
81,Bosnia and Herzegovina,0.74983352255894,,0.650107171392115,,13.2997989775773,,6,,13.12334,,6.7,,0.812915723076923,,12.50965,,0.607374535655,,20.16037,,0.556484108611181,,5.68,,1.33,,33.83,
82,The former Yugoslav Republic of Macedonia,0.748094279082394,,0.623059417781863,,16.7137839169012,,1,,16.08693,,7.6,,0.789408738461539,,10.592,,0.601683237988722,,30.06879,,0.509235360062451,,9.31,f,2.29,f,44.05,f
83,Algeria,0.744805577498479,,..,,..,,..,,..,,18.6,,0.689107353846154,,..,,..,,..,,..,,..,,..,,..,
84,Armenia,0.742849830774667,,0.673672052079655,,9.31248495040657,,15,,9.21605666666667,,10.1,,0.7591156,,3.685,,0.702630709478542,,13.86317,,0.573205762993148,,4.74,,1.22,,31.48,
84,Ukraine,0.743049422919864,,0.689645308528451,,7.18715508607192,,18,,7.15336666666667,,8.7,,0.7181658,,3.59926,,0.774277890248,,9.16084,,0.589869282547602,,3.32,,0.82,,24.09,
86,Jordan,0.741498511184512,,0.619115367407845,,16.5048401218183,,3,,16.4309266666667,,11.9,,0.734279615384615,,16.9017,,0.582923610140972,,20.49108,,0.554423505387639,,..,,..,,..,
87,Peru,0.739748575563532,,0.579923799224256,,21.6052834191027,,-8,,21.349629,,14.2,,0.7235448,,20.33778,,0.535562546982806,,29.511107,,0.503311867690067,,10.77,,2.34,,44.14,
87,Thailand,0.739793864775651,,0.585717459421788,,20.8269374335225,,-5,,20.1606666666667,,10.4,,0.752860553846154,,16.1,,0.537642852777778,,33.982,,0.496427795512823,,6.51,,1.65,,37.85,
89,Ecuador,0.739298831551065,,0.587396472363607,,20.5468144550916,,-1,,20.22568618,,15.1,,0.7330266,,15.45335054,,0.562424039759461,,30.123708,,0.491598322189636,,10.54,,2.48,,45.38,
90,China,0.737680590372687,,..,,..,,..,,..,,8.9,,0.784342969230769,,..,,..,,29.5332,,0.520912357592596,,9.16,,2.1,,42.16,
91,Fiji,0.736406209646027,,0.623780517458219,,15.2939628580732,,9,,15.121,,12.3,,0.676652723076923,,10.463,,0.695344342,,22.6,,0.515857394023674,,8.15,f,2.14,f,42.78,f
92,Mongolia,0.734832003132694,,0.639185417568178,,13.0161159498717,,13,,12.9583333333333,,17.1,,0.635218061538462,,9.435,,0.667804171888889,,12.34,,0.615614172055097,,4.99,,1.23,,32.04,
92,Saint Lucia,0.735486722869296,,0.617845748948738,,15.9949826778129,,7,,15.5577066666667,,10.1,,0.763444630769231,,9.17726,,0.614484698466587,,27.39586,,0.502749411322007,,..,,..,,..,
94,Jamaica,0.730041143287123,,0.609151236815426,,16.559327865738,,6,,15.8828266666667,,11.9,,0.756575692307692,,5.60595,,0.639844516757755,,30.14253,,0.466926534299781,,..,,..,,..,
95,Colombia,0.727287286964335,,0.548352422072709,,24.6030513799425,,-9,,23.7267178366667,,14.4,,0.714154215384615,,17.39615351,,0.520000873651239,,39.384,,0.444000256451031,,17.29,,3.93,,53.5,
96,Dominica,0.726397806069383,,..,,..,,..,,..,,..,,..,,..,,..,,..,,..,,..,,..,,..,
97,Suriname,0.724957241411062,,0.550774832877484,,24.026576821903,,-7,,23.31552,,13.6,,0.681589661538462,,19.02641,,0.510019814539324,,37.32015,,0.480631486977025,,..,,..,,..,
97,Tunisia,0.724559571999977,,0.561786384723862,,22.4651213739151,,-3,,21.8770533333333,,12.2,,0.742679938461538,,34.57692,,0.420681864451885,,18.85424,,0.56748991230799,,6.38,,1.47,,35.81,
99,Dominican Republic,0.721686315917296,,0.564735424907637,,21.7477992235681,,1,,21.5999436433333,,16.8,,0.68672,,19.90635693,,0.498002916645518,,28.093474,,0.5266517252585,,10.77,,2.72,,47.07,
99,Saint Vincent and the Grenadines,0.721578041678283,,..,,..,,..,,..,,12.7,,0.712408292307692,,..,,..,,..,,..,,..,,..,,..,
101,Tonga,0.720721177722059,,..,,..,,..,,..,,13.6,,0.704346092307692,,..,,..,,..,,..,,6.86,f,1.68,f,38.1,f
102,Libya,0.716442669678105,,..,,..,,..,,..,,15.8,,0.670529938461539,,..,,..,,..,,..,,..,,..,,..,
103,Belize,0.706194772255319,,0.545826616935079,,22.7087712371595,,-6,,21.7936066666667,,11.6,,0.6810336,,15.85449,,0.592128915282139,,37.92633,,0.403254591881718,,..,,..,,..,
104,Samoa,0.703773334870392,,..,,..,,..,,..,,13.3,,0.715915246153846,,..,,..,,..,,..,,7.88,f,2.15,f,42.69,f
105,Maldives,0.701026899949621,,0.528549003838932,,24.6036059562171,,-9,,23.4056766666667,,7.1,,0.814075553846154,,39.96557,,0.336546344087778,,23.15146,,0.538947157110125,,7.08,f,1.72,f,38.37,f
105,Uzbekistan,0.700668398509061,,0.589795381237889,,15.8238929438085,,10,,15.26524,,24.3,,0.57532,,1.423,,0.72903617073,,20.07272,,0.489153937441581,,..,,..,,..,
,,,,,,,,,,,,,,,,,,,,,,,,,,,,,
107,Moldova (Republic of),0.699040531063903,,0.627997145103669,,10.1629852352209,,21,,10.11743,,9,,0.724234,,7.32865,,0.6721950351745,,14.02364,,0.50874341206692,,3.77,,0.94,,26.83,
108,Botswana,0.697687481153662,,0.432977773071935,,37.9410144559303,,-23,,36.1643333333333,,20.9,,0.541628123076923,,32.082,,0.447082840444964,,55.511,,0.335202770527977,,22.9,f,5.82,f,60.46,f
109,Gabon,0.697123999264401,,0.530597457885918,,23.8876500528169,,-3,,23.8304066666667,,27.6,,0.500517907692308,,23.47992,,0.472916622013579,,20.4113,,0.631089995611672,,8.36,f,2.09,f,42.18,f
110,Paraguay,0.692965557257696,,0.52440613175393,,24.3243583664985,,-5,,23.5397954733333,,18.3,,0.666219507692308,,13.99956942,,0.527482446512005,,38.319817,,0.410372194241575,,14.66,,3.49,,51.67,
111,Egypt,0.691391634294152,,0.491078318587374,,28.9724818425493,,-10,,28.2476666666667,,13.4,,0.683806923076923,,35.018,,0.390449762166667,,36.325,,0.443561276371439,,..,,..,,..,
111,Turkmenistan,0.691490342676216,,..,,..,,..,,..,,26,,0.520664,,..,,..,,..,,..,,..,,..,,..,
113,Indonesia,0.688847030440921,,0.563401115381329,,18.2109974371662,,9,,18.1891933333333,,16.5,,0.630129538461538,,20.81128,,0.492497533662702,,17.2563,,0.576260973947097,,6.55,,1.81,,39.47,
114,"Palestine, State of",0.683960089061899,,0.580911047806116,,15.0665284281606,,13,,15.05883,,13.7,,0.704579753846154,,16.49649,,0.546790632774489,,14.98,,0.508835827274883,,5.53,f,1.4,f,34.46,f
115,Viet Nam,0.683277513778421,,0.561578895855502,,17.8110087729865,,9,,17.75783,,14.2,,0.7383948,,17.63946,,0.508206105259218,,21.43403,,0.471958517457446,,6.77,,1.64,,37.59,
116,Philippines,0.681798894279309,,0.5561068700694,,18.4353517238791,,8,,18.1807133333333,,16.2,,0.623214153846154,,11.5562,,0.563221517823111,,26.78594,,0.489957301772357,,8.39,,2.17,,43.04,
117,El Salvador,0.679776519482916,,0.528837744506253,,22.204176027068,,3,,21.99031484,,13.7,,0.707274969230769,,26.55171752,,0.428627752897088,,25.719227,,0.487863982847757,,8.44,,2.04,,41.84,
118,Bolivia (Plurinational State of),0.674074431253698,,0.478413473486795,,29.0266102221081,,-6,,28.7394570833333,,29,,0.532423538461538,,20.77884525,,0.519935128410651,,36.439526,,0.395552194483579,,14.68,,2.96,,48.4,
119,South Africa,0.66642915115557,,0.435465277491919,,34.6569283866357,,-12,,31.9803333333333,,25.7,,0.430459907692308,,13.805,,0.607992857436111,,56.436,,0.315521827853921,,27.91,,7.14,,63.38,
120,Kyrgyzstan,0.663631065520328,,0.582249127182137,,12.2631297066213,,20,,12.1048066666667,,13.6,,0.6751296,,4.97927,,0.685361957116418,,17.73515,,0.426598569794001,,3.7,,0.96,,26.82,
121,Iraq,0.649457090374467,,0.504741954161886,,22.2824784512153,,1,,22.0260466666667,,19.3,,0.616125876923077,,30.63102,,0.346577998995618,,16.14712,,0.602195873427911,,..,,..,,..,
122,Cabo Verde,0.648316879200371,,0.517812355864345,,20.1297432664393,,4,,19.893,,13.4,,0.713290892307692,,18.239,,0.43648936820726,,28.04,,0.445940461589682,,10.72,f,2.71,f,47.19,f
123,Morocco,0.647401853671251,,0.456489057111315,,29.4890716604098,,-2,,28.2666666666667,,16,,0.701852307692308,,45.8,,0.272510871238622,,23,,0.497349343527876,,7.35,f,1.94,f,40.72,f
124,Nicaragua,0.645202505134484,,0.478910125272617,,25.7736723801476,,1,,25.3916863333333,,14.6,,0.725400738461538,,29.49004,,0.38237551308,,32.085019,,0.395998910717383,,10.88,,2.73,,47.05,
125,Guatemala,0.639570414727644,,0.450285737684099,,29.5955961509181,,-2,,29.099094,,17,,0.664791692307692,,36.212,,0.323971172335505,,34.085282,,0.423908986268205,,12.14,,2.96,,48.66,
125,Namibia,0.640006777749451,,0.41493459135014,,35.1671566964909,,-13,,33.43375,,21.7,,0.542823784615385,,25.01567,,0.409680823632325,,53.58558,,0.321243552784172,,20.32,f,5.76,f,60.97,f
127,Guyana,0.638016475627499,,0.518370964512728,,18.752730640239,,10,,18.5434966666667,,20.7,,0.5672878,,10.48157,,0.508405590239975,,24.44892,,0.482956751017719,,..,,..,,..,
127,Micronesia (Federated States of),0.637783067731326,,..,,..,,..,,..,,19.8,,0.607891323076923,,..,,..,,..,,..,,9.6,,2.09,,42.46,
129,Tajikistan,0.627472083769187,,0.532118002632123,,15.1965455680957,,16,,14.9242133333333,,23.2,,0.5858304,,6.54325,,0.614967325415833,,15.02939,,0.418215294161887,,4.53,,1.17,,30.76,
130,Honduras,0.624731632501262,,0.442609964614401,,29.1519843741052,,0,,28.4988146566667,,19.6,,0.659700553846154,,24.41368997,,0.39138902077253,,41.482754,,0.335821172763659,,15.75,,3.42,,50.64,
131,India,0.623558794484469,,0.454251320551328,,27.1518059613154,,4,,26.4863333333333,,24,,0.564995692307692,,39.402,,0.324118338937604,,16.057,,0.511846637224677,,5.31,,1.48,,35.15,
132,Bhutan,0.606533531723596,,0.428222424679443,,29.3983922929115,,-3,,28.3665566666667,,20.7,,0.6081944,,44.81067,,0.249515187445402,,19.589,,0.517450506371138,,6.84,,1.76,,38.81,
133,Timor-Leste,0.605494766871251,,0.416471191641567,,31.2180361535441,,-5,,29.9478333333333,,24.4,,0.564255138461538,,47.62373,,0.258878440943541,,17.81977,,0.494519577392158,,4.55,f,1.23,f,31.56,f
134,Vanuatu,0.596713757022763,,0.49435398414623,,17.1539153692794,,12,,17.1436833333333,,15.4,,0.678192646153846,,17.49305,,0.434229860818944,,18.538,,0.410243165080008,,6.59,,1.61,,37.19,
135,Congo,0.592284049457108,,0.445684735694916,,24.7515214864499,,6,,24.6073466666667,,31.1,,0.4546552,,21.52094,,0.408167001556216,,21.2011,,0.477049260296355,,12.8,,3.05,,48.94,
135,Equatorial Guinea,0.592436178771294,,..,,..,,..,,..,,38.4,,0.359260676923077,,..,,..,,..,,..,,..,,..,,..,
137,Kiribati,0.58812639860141,,0.393507876715399,,33.0912746560641,,-7,,31.975,,26.1,,0.525588169230769,,21.38,,0.463926775028889,,48.445,,0.249899433015,,7.18,f,1.62,f,37.61,f
138,Lao People's Democratic Republic,0.586044801234356,,0.427332360512449,,27.081963765845,,1,,26.8628333333333,,26.2,,0.529066523076923,,34.063,,0.312505377614082,,20.3255,,0.47198649038017,,6.33,,1.68,,37.89,
139,Bangladesh,0.578824028441254,,0.411503150702966,,28.9070372888415,,-2,,28.5582,,20.1,,0.639015615384615,,37.30855,,0.28678896620342,,28.26605,,0.380229304247818,,4.69,,1.26,,32.13,
139,Ghana,0.57882883239996,,0.390785384786434,,32.4868833561476,,-8,,32.4632833333333,,30.8,,0.442145415384615,,34.92485,,0.358466825303611,,31.665,,0.376531091255595,,9.27,f,2.16,f,42.77,f
139,Zambia,0.579069985656843,,0.372658942223254,,35.6452671604893,,-11,,34.6977333333333,,33.8,,0.415725815384615,,21.73491,,0.451926543993056,,48.55829,,0.275460794946525,,16.02,,4.28,,55.62,
142,Sao Tome and Principe,0.573727338484542,,0.431787465533103,,24.7399528365447,,7,,24.7033333333333,,26.9,,0.523868338461538,,21.425,,0.400311778893055,,25.785,,0.38387477274229,,4.71,,1.14,,30.82,
143,Cambodia,0.563082193622539,,0.436331414328913,,22.5101735997345,,11,,22.4316,,19.7,,0.602954169230769,,27.30485,,0.333355322321389,,20.28995,,0.413292714311916,,4.44,,1.16,,30.76,
144,Nepal,0.558162138507956,,0.407227860555439,,27.0412963437444,,2,,25.80097,,19.6,,0.618325476923077,,43.89112,,0.26650138223312,,13.91179,,0.409822540300641,,4.99,,1.29,,32.84,
145,Myanmar,0.555566347354292,,..,,..,,..,,..,,26,,0.525035692307692,,19.44,,0.330448168888889,,..,,..,,..,,..,,..,
146,Kenya,0.554678518436028,,0.390896836663268,,29.5273165138176,,-1,,29.3812433333333,,32.1,,0.440451630769231,,22.89552,,0.399592214715319,,33.14821,,0.339368264263574,,11.56,f,2.91,f,48.51,f
147,Pakistan,0.550354164995684,,0.380453107382569,,30.8712222818277,,-2,,29.5946433333333,,32.8,,0.479342769230769,,44.39953,,0.21953323552865,,11.5844,,0.523307486748817,,4.38,,1.18,,30.69,
,,,,,,,,,,,,,,,,,,,,,,,,,,,,,
148,Swaziland,0.541047936400031,,0.361004444399218,,33.2768096665829,,-5,,33.12348,,35,,0.28943,,26.81536,,0.398874752663568,,37.55508,,0.407528094045883,,14.18,f,3.46,f,51.45,f
149,Syrian Arab Republic,0.53588684380532,,0.419140053299065,,21.7857168646349,,10,,21.4353266666667,,14.5,,0.653114769230769,,31.489,,0.286003546591667,,18.31698,,0.394199954129922,,..,,..,,..,
150,Angola,0.533464072895593,,0.336086818313291,,36.9991653816454,,-8,,36.5774466666667,,46.2,,0.270638830769231,,34.587,,0.315541957093028,,28.94534,,0.444536283761064,,8.94,f,2.15,f,42.72,f
151,Tanzania (United Republic of),0.530576615748545,,0.395558720258816,,25.4473890258514,,7,,25.4093933333333,,25,,0.525138461538462,,28.49972,,0.314992298809222,,22.72846,,0.374161524178927,,6.22,,1.67,,37.78,
152,Nigeria,0.527104538851146,,0.327738565469219,,37.8228527146542,,-10,,37.49616,,40.8,,0.301072984615385,,43.29704,,0.270449209451867,,28.39144,,0.432339724204945,,9.12,f,2.17,f,42.97,f
153,Cameroon,0.517547036587028,,0.347976596391455,,32.7642568130247,,-1,,32.4266266666667,,39.4,,0.3352392,,34.76,,0.321601157801684,,23.11988,,0.390820835204853,,11.4,,2.69,,46.54,
154,Papua New Guinea,0.516168319355436,,..,,..,,..,,..,,26.5,,0.483618692307692,,11.463,,0.37119967284375,,..,,..,,10.36,f,2.29,f,43.88,f
154,Zimbabwe,0.515640183250025,,0.368505701578351,,28.5343319724038,,2,,28.12367,,31.2,,0.414916923076923,,17.39521,,0.44963315385615,,35.7758,,0.268233588626792,,8.52,,2.21,,43.15,
156,Solomon Islands,0.514999307951629,,0.392260826508734,,23.8327468693265,,9,,23.8116666666667,,22.3,,0.575063676923077,,22.82,,0.343165880546329,,26.315,,0.305847390186739,,10.47,f,2.55,f,46.1,f
157,Mauritania,0.513106013991871,,0.347023081696835,,32.3681515644187,,1,,31.8960533333333,,33.7,,0.4410378,,40.78516,,0.223420716547667,,21.203,,0.424107383188789,,5.3,,1.24,,32.42,
158,Madagascar,0.512149002634871,,0.373802784427698,,27.0128844331275,,7,,26.75092,,24.8,,0.526573538461538,,35.01448,,0.319896381147711,,20.43828,,0.310069635053456,,8.62,,2.13,,42.65,
159,Rwanda,0.497577294727551,,0.338875584472911,,31.8948858672373,,1,,31.8158933333333,,29.8,,0.4832892,,29.25386,,0.301129417901732,,36.39382,,0.267399483554042,,11.01,,3.17,,50.44,
160,Comoros,0.497496166387042,,0.269645585223026,,45.799464711202,,-18,,44.8425866666667,,30.9,,0.463150723076923,,47.61438,,0.245835884021116,,56.01338,,0.172191742195687,,..,,..,,..,
160,Lesotho,0.497367956227455,,0.320111962699854,,35.6388044923704,,-6,,34.94639,,33.5,,0.307741538461538,,24.3,,0.380442546111111,,47.03917,,0.28017573019101,,20.5,,4.25,,54.18,
162,Senegal,0.493982965211962,,0.330558948839813,,33.0829255016974,,1,,32.47922,,25,,0.541488461538462,,44.74737,,0.196139214853991,,27.69029,,0.340089416627347,,7.74,,1.89,,40.29,
163,Haiti,0.492813351646712,,0.297505446703946,,39.6312121597668,,-7,,39.1989,,30.9,,0.458388138461539,,38.29759,,0.262499221336058,,48.39911,,0.218838320454665,,32.47,,6.45,,60.79,
163,Uganda,0.49283418500576,,0.340619821839639,,30.885512368494,,6,,30.7915033333333,,35.7,,0.387867492307692,,29.37211,,0.329541426161343,,27.3024,,0.309183531333494,,7.59,,1.96,,41.01,
165,Sudan,0.490188347991238,,..,,..,,..,,..,,31.8,,0.4588496,,42.67139,,0.182044771609056,,..,,..,,6.21,f,1.44,f,35.39,f
166,Togo,0.487358895867444,,0.331956279105406,,31.8866892714534,,5,,31.5990133333333,,32.4,,0.41782,,38.87913,,0.298886593854228,,23.51791,,0.292918636100297,,10.69,,2.56,,46.02,
167,Benin,0.485096406004906,,0.30378032035247,,37.3773302395075,,-3,,37.0614033333333,,37,,0.385366153846154,,44.79226,,0.2284680307,,29.39195,,0.318405015764498,,8.37,,2.2,,43.44,
168,Yemen,0.482402156434618,,0.319702309263368,,33.7270148984713,,0,,32.6885166666667,,29.4,,0.478483353846154,,48.09012,,0.181533176183333,,20.57543,,0.376196265456327,,..,,..,,..,
169,Afghanistan,0.479375005926672,,0.326717632482935,,31.8450840274071,,3,,30.4301266666667,,35.7,,0.402656492307692,,44.82338,,0.219384540145833,,10.767,,0.39479986385637,,..,,..,,..,
170,Malawi,0.475935463052037,,0.327591293537626,,31.1689674400647,,5,,31.1382966666667,,32.7,,0.454326769230769,,28.21397,,0.319770471823722,,32.50092,,0.241986071165898,,9.61,,2.56,,46.12,
171,Côte d'Ivoire,0.473679284991255,,0.294499302067702,,37.8272786252118,,-2,,37.4002566666667,,39.7,,0.2958318,,45.11142,,0.227900425902142,,27.38935,,0.378846096573764,,9.59,f,2.18,f,43.18,f
172,Djibouti,0.473134228975724,,0.309613282279404,,34.5612168137407,,3,,33.7275966666667,,32.5,,0.439238076923077,,46.974,,0.164619658883333,,21.70879,,0.410465888796194,,10.16,,2.34,,44.13,
173,Gambia,0.451574500557824,,..,,..,,..,,..,,31.3,,0.427662784615385,,..,,..,,26.928,,0.301877405927282,,..,,..,,..,
174,Ethiopia,0.447750459018102,,0.32996739722864,,26.3055144706619,,10,,25.45013,,30.3,,0.478270676923077,,36.553,,0.201769497021831,,9.49739,,0.372292105499936,,5.19,,1.33,,33.17,
175,Mali,0.44210869299444,,0.293285619953989,,33.662100609798,,0,,32.7060266666667,,40.4,,0.352776984615385,,41.61872,,0.182053259648841,,16.09936,,0.392801923602551,,5.18,f,1.28,f,33.04,f
176,Congo (Democratic Republic of the),0.435464669613531,,0.296648242787325,,31.8777702332094,,3,,31.6673866666667,,39.1,,0.365934046153846,,27.69055,,0.343280740344277,,28.21161,,0.207813178278306,,8.73,,2.06,,42.1,
177,Liberia,0.426898502082858,,0.284296156675203,,33.4042740163977,,1,,32.89765,,33.1,,0.423919569230769,,42.87091,,0.2417527892924,,22.72204,,0.224211563454187,,6.69,f,1.55,f,36.48,f
178,Guinea-Bissau,0.423839922746506,,0.257159141488348,,39.3263523119903,,-5,,39.1216666666667,,44.6,,0.302449907692308,,40.315,,0.210564812007468,,32.45,,0.26703405361437,,12.63,,3.28,,50.66,
179,Eritrea,0.420153487347265,,..,,..,,..,,..,,25.9,,0.5037204,,..,,..,,..,,..,,..,,..,,..,
179,Sierra Leone,0.420312260411299,,0.261547175047954,,37.7731273429864,,-3,,36.63994,,43.4,,0.2726988,,47.29928,,0.197148533342489,,19.22054,,0.33279234152659,,5.36,,1.35,,33.99,
181,Mozambique,0.417590161343549,,0.279993867121876,,32.9500804757882,,3,,32.8682233333333,,36.4,,0.347138584615385,,33.81013,,0.24394219087889,,28.39454,,0.259212385077995,,9.85,f,2.5,f,45.58,f
181,South Sudan,0.418303339572638,,..,,..,,..,,..,,40.7,,0.329653261538462,,39.55255,,0.179505016175333,,..,,..,,13.1,f,2.67,f,46.34,f
183,Guinea,0.414186306221596,,0.270060825416261,,34.7972587795373,,2,,33.5738733333333,,35.4,,0.389736769230769,,48.26536,,0.170975049543094,,17.05626,,0.295583817070472,,5.49,,1.34,,33.73,
184,Burundi,0.403765414805571,,0.276426130708269,,31.5379374824912,,4,,30.60346,,40.8,,0.338059323076923,,36.86809,,0.249197381122723,,14.14229,,0.250726877895385,,4.81,f,1.34,f,33.36,f
185,Burkina Faso,0.401740104144638,,0.266695046313312,,33.6150303238599,,2,,33.31246,,37.1,,0.377467738461538,,38.6481,,0.160582601428985,,24.18928,,0.312943920325246,,5.33,,1.48,,35.3,
186,Chad,0.396073224468533,,0.237889860661886,,39.9379089608754,,-1,,39.59666,,46.2,,0.264009015384615,,41.86106,,0.162922320132306,,30.72892,,0.312988551545713,,10.04,,2.23,,43.32,
187,Niger,0.352640669602266,,0.252982787985815,,28.2604617694414,,1,,27.5065566666667,,35.3,,0.417424492307692,,34.96483,,0.13390470523125,,12.25484,,0.289667090871283,,5.38,,1.36,,33.99,
188,Central African Republic,0.352440200154679,,0.199201591687611,,43.4793217118295,,0,,43.1480633333333,,45.7,,0.262795292307692,,34.5496,,0.221349253053333,,49.19459,,0.135888520722829,,18.27,f,4.48,f,56.24,f
